Цена в долларах,Цена в соaмах,Название,картинка,описание,количество просмотров
$ 90 000,7 974 900 сом,Land Rover Range Rover,https://im.mashina.kg/tachka/images/pixel-ph.png,"2018 г 4.4л автоматвнедорожник 5 дв дизельруль слева, 137 000 км",380
$ 45 500,4 031 755 сом,Land Rover Range Rover,https://im.mashina.kg/tachka/images/pixel-ph.png,"2013 г 5л автоматвнедорожник 5 дв бензинруль слева, 125 000 км",3023
$ 39 000,3 455 790 сом,Land Rover Range Rover Sport,https://im.mashina.kg/tachka/images/pixel-ph.png,"2014 г 3л автоматвнедорожник 5 дв дизельруль слева, 180 000 км",2558
$ 26 000,2 303 860 сом,Land Rover Range Rover Sport,https://im.mashina.kg/tachka/images/pixel-ph.png,"2012 г 5л автоматвнедорожник 5 дв бензинруль слева, 226 000 км",1941
$ 8 000,708 880 сом,Land Rover Range Rover,https://im.mashina.kg/tachka/images/pixel-ph.png,"2003 г 2.9л автоматвнедорожник 5 дв дизельруль слева, 289 000 км",2844
$ 13 000,1 151 930 сом,Land Rover Discovery,https://im.mashina.kg/tachka/images/pixel-ph.png,"1995 г 2.5л автоматвнедорожник 5 дв дизельруль слева, 340 000 км",2886
$ 9 500,841 795 сом,Land Rover Range Rover,https://im.mashina.kg/tachka/images/pixel-ph.png,"2004 г 4.4л автоматвнедорожник 5 дв бензинруль слева, 190 000 км",817
$ 11 000,974 710 сом,Land Rover Range Rover Sport,https://im.mashina.kg/tachka/images/pixel-ph.png,"2006 г 4.2л автоматвнедорожник 5 дв бензинруль слева, 180 000 км",895
$ 78 000,6 911 580 сом,Land Rover Range Rover,https://im.mashina.kg/tachka/images/pixel-ph.png,"2017 г 5л автоматвнедорожник 5 дв бензинруль слева, 80 000 км",6
$ 19 000,1 683 590 сом,Land Rover Range Rover,https://im.mashina.kg/tachka/images/pixel-ph.png,"2010 г 5л автоматвнедорожник 5 дв бензинруль слева, 187 000 км",1659
$ 125 000,11 076 250 сом,Land Rover Range Rover Sport,https://im.mashina.kg/tachka/images/pixel-ph.png,"2018 г 5л автоматвнедорожник 5 дв бензинруль слева, 54 000 км",707
$ 25 500,2 259 555 сом,Land Rover Range Rover,https://im.mashina.kg/tachka/images/pixel-ph.png,"2011 г 5л автоматвнедорожник 5 дв бензинруль слева, 271 000 км",1794
$ 82 000,7 266 020 сом,Land Rover Range Rover Sport,https://im.mashina.kg/tachka/images/pixel-ph.png,"2022 г 3л автоматвнедорожник 5 дв бензинруль слева, 8 500 км",478
$ 98 000,8 683 780 сом,Land Rover Range Rover Sport,https://im.mashina.kg/tachka/images/pixel-ph.png,"2022 г 5л автоматвнедорожник 5 дв бензинруль слева, 7 300 км",344
$ 17 500,1 550 675 сом,Land Rover Range Rover Evoque,https://im.mashina.kg/tachka/images/pixel-ph.png,"2017 г 2л автоматвнедорожник 5 дв бензинруль слева, 101 388 км",2035
$ 88 800,7 868 568 сом,Land Rover Range Rover,https://im.mashina.kg/tachka/images/pixel-ph.png,"2018 г 4.4л автоматвнедорожник 5 дв дизельруль слева, 146 000 км",144
$ 22 000,1 949 420 сом,Land Rover Range Rover Evoque,https://im.mashina.kg/tachka/images/pixel-ph.png,"2017 г 2л автоматвнедорожник 5 дв дизельруль слева, 63 000 км",2617
$ 63 000,5 582 430 сом,Land Rover Range Rover,https://im.mashina.kg/tachka/images/pixel-ph.png,"2018 г 4.4л автоматвнедорожник 5 дв дизельруль слева, 66 000 км",3587
$ 100 000,8 861 000 сом,Land Rover Range Rover,https://im.mashina.kg/tachka/images/pixel-ph.png,"2018 г 4.4л автоматвнедорожник 5 дв дизельруль слева, 101 000 км",508
$ 26 000,2 303 860 сом,Land Rover Range Rover,https://im.mashina.kg/tachka/images/pixel-ph.png,"2012 г 4.4л автоматвнедорожник 5 дв дизельруль слева, 181 000 км",1585
$ 33 500,2 968 435 сом,Land Rover Range Rover,https://im.mashina.kg/tachka/images/pixel-ph.png,"2012 г 4.4л автоматвнедорожник 5 дв дизельруль слева, 173 000 км",1608
$ 7 900,700 019 сом,Land Rover Range Rover Sport,https://im.mashina.kg/tachka/images/pixel-ph.png,"2006 г 4.2л автоматвнедорожник 5 дв бензинруль слева, 235 221 км",49
$ 78 500,6 955 885 сом,Land Rover Range Rover,https://im.mashina.kg/tachka/images/pixel-ph.png,"2017 г 4.4л автоматвнедорожник 5 дв дизельруль слева, 110 000 км",90
$ 120 000,10 633 200 сом,Land Rover Range Rover,https://im.mashina.kg/tachka/images/pixel-ph.png,"2019 г 4.4л автоматвнедорожник 5 дв дизельруль слева, 50 000 км",46
$ 107 000,9 481 270 сом,Land Rover Range Rover,https://im.mashina.kg/tachka/images/pixel-ph.png,"2019 г 5л автоматвнедорожник 5 дв бензинруль слева, 89 000 км",2192
$ 68 000,6 025 480 сом,Land Rover Range Rover,https://im.mashina.kg/tachka/images/pixel-ph.png,"2016 г 5л автоматвнедорожник 5 дв бензинруль слева, 112 000 км",2298
$ 71 000,6 291 310 сом,Land Rover Range Rover Sport,https://im.mashina.kg/tachka/images/pixel-ph.png,"2017 г 4.4л автоматвнедорожник 5 дв дизельруль слева, 77 000 км",1575
$ 22 500,1 993 725 сом,Land Rover Range Rover,https://im.mashina.kg/tachka/images/pixel-ph.png,"2012 г 5л автоматвнедорожник 5 дв бензинруль слева, 133 000 км",3499
$ 55 000,4 873 550 сом,Land Rover Range Rover Sport,https://im.mashina.kg/tachka/images/pixel-ph.png,"2017 г 3л автоматвнедорожник 5 дв дизельруль слева, 91 000 км",768
$ 25 500,2 259 555 сом,Land Rover Range Rover Evoque,https://im.mashina.kg/tachka/images/pixel-ph.png,"2017 г 2л автоматвнедорожник 5 дв бензинруль слева, 59 000 км",280
$ 22 000,1 949 420 сом,Land Rover Range Rover,https://im.mashina.kg/tachka/images/pixel-ph.png,"2011 г 5л автоматвнедорожник 5 дв бензинруль слева, 170 000 км",644
$ 72 000,6 379 920 сом,Land Rover Range Rover,https://im.mashina.kg/tachka/images/pixel-ph.png,"2017 г 3л автоматвнедорожник 5 дв дизельруль слева, 100 000 км",1439
$ 68 500,6 069 785 сом,Land Rover Range Rover,https://im.mashina.kg/tachka/images/pixel-ph.png,"2016 г 3л автоматвнедорожник 5 дв дизельруль слева, 88 000 км",166
$ 25 500,2 259 555 сом,Land Rover Range Rover Sport,https://im.mashina.kg/tachka/images/pixel-ph.png,"2012 г 5л автоматвнедорожник 5 дв бензинруль слева, 165 418 км",3038
$ 79 000,7 000 190 сом,Land Rover Range Rover,https://im.mashina.kg/tachka/images/pixel-ph.png,"2018 г 4.4л автоматвнедорожник 5 дв дизельруль слева, 140 000 км",587
$ 28 300,2 507 663 сом,Land Rover Range Rover,https://im.mashina.kg/tachka/images/pixel-ph.png,"2011 г 4.4л автоматвнедорожник 5 дв дизельруль слева, 240 000 км",1571
$ 85 000,7 531 850 сом,Land Rover Range Rover,https://im.mashina.kg/tachka/images/pixel-ph.png,"2018 г 4.4л автоматвнедорожник 5 дв дизельруль слева, 97 000 км",2024
$ 22 500,1 993 725 сом,Land Rover Range Rover Evoque,https://im.mashina.kg/tachka/images/pixel-ph.png,"2012 г 2л автоматвнедорожник 5 дв бензинруль слева, 114 000 км",762
$ 120 000,10 633 200 сом,Land Rover Range Rover,https://im.mashina.kg/tachka/images/pixel-ph.png,"2019 г 5л автоматвнедорожник 5 дв бензинруль слева, 50 000 км",28
$ 80 000,7 088 800 сом,Land Rover Range Rover,https://im.mashina.kg/tachka/images/pixel-ph.png,"2017 г 4.4л автоматвнедорожник 5 дв дизельруль слева, 130 000 км",950
$ 11 800,1 045 598 сом,Land Rover Range Rover Sport,https://im.mashina.kg/tachka/images/pixel-ph.png,"2006 г 4.4л автоматвнедорожник 5 дв бензинруль слева, 260 000 км",983
$ 55 000,4 873 550 сом,Land Rover Range Rover,https://im.mashina.kg/tachka/images/pixel-ph.png,"2013 г 5л автоматвнедорожник 5 дв бензинруль слева, 124 000 км",151
$ 45 000,3 987 450 сом,Land Rover Range Rover,https://im.mashina.kg/tachka/images/pixel-ph.png,"2013 г 5л автоматвнедорожник 5 дв бензинруль слева, 131 000 км",480
$ 25 500,2 259 555 сом,Land Rover Range Rover Evoque,https://im.mashina.kg/tachka/images/pixel-ph.png,"2017 г 2л автоматвнедорожник 5 дв бензинруль слева, 58 000 км",249
$ 42 000,3 721 620 сом,Land Rover Range Rover Sport,https://im.mashina.kg/tachka/images/pixel-ph.png,"2016 г 3л автоматвнедорожник 5 дв дизельруль слева, 200 000 км",23
$ 7 500,664 575 сом,Land Rover Range Rover,https://im.mashina.kg/tachka/images/pixel-ph.png,"2002 г 4.4л автоматвнедорожник 5 дв бензинруль слева, 220 258 км",2357
$ 43 500,3 854 535 сом,Land Rover Range Rover Sport,https://im.mashina.kg/tachka/images/pixel-ph.png,"2017 г 3л автоматвнедорожник 5 дв дизельруль слева, 117 000 км",2552
$ 49 000,4 341 890 сом,Land Rover Range Rover Velar,https://im.mashina.kg/tachka/images/pixel-ph.png,"2018 г 2л автоматвнедорожник 5 дв дизельруль слева, 96 000 км",69
$ 255 000,22 595 550 сом,Land Rover Range Rover,https://im.mashina.kg/tachka/images/pixel-ph.png,"2023 г 3л автоматвнедорожник 5 дв дизельруль слева, 16 000 км",412
$ 228 300,20 229 663 сом,Land Rover Range Rover,https://im.mashina.kg/tachka/images/pixel-ph.png,"2022 г 4.4л автоматвнедорожник 5 дв бензинруль слева, 2 000 км",3636
$ 55 500,4 917 855 сом,Land Rover Range Rover,https://im.mashina.kg/tachka/images/pixel-ph.png,"2016 г 4.4л автоматвнедорожник 5 дв дизельруль слева, 109 650 км",4760
$ 140 000,12 405 400 сом,Land Rover Range Rover Sport,https://im.mashina.kg/tachka/images/pixel-ph.png,2023 г 3л автоматвнедорожник 5 дв бензинруль слева,2179
$ 186 000,16 481 460 сом,Land Rover Range Rover,https://im.mashina.kg/tachka/images/pixel-ph.png,"2023 г 3л автоматвнедорожник 5 дв дизельруль слева, 16 км",1795
$ 100 000,8 861 000 сом,Land Rover Range Rover,https://im.mashina.kg/tachka/images/pixel-ph.png,"2018 г 5л автоматвнедорожник 5 дв бензинруль слева, 59 000 км",2374
$ 220 000,19 494 200 сом,Land Rover Range Rover,https://im.mashina.kg/tachka/images/pixel-ph.png,"2023 г 4.4л автоматвнедорожник 5 дв бензинруль слева, 28 км",419
$ 14 200,1 258 262 сом,Land Rover Range Rover Sport,https://im.mashina.kg/tachka/images/pixel-ph.png,"2006 г 4.2л автоматвнедорожник 5 дв бензинруль слева, 235 000 км",1236
$ 127 500,11 297 775 сом,Land Rover Range Rover Sport,https://im.mashina.kg/tachka/images/pixel-ph.png,"2023 г 3л автоматвнедорожник 5 дв бензинруль слева, 18 км",141
$ 58 000,5 139 380 сом,Land Rover Range Rover,https://im.mashina.kg/tachka/images/pixel-ph.png,"2018 г 4.4л автоматвнедорожник 5 дв дизельруль слева, 113 337 км",193
$ 198 800,17 615 668 сом,Land Rover Range Rover,https://im.mashina.kg/tachka/images/pixel-ph.png,"2022 г 4.4л автоматвнедорожник 5 дв бензинруль слева, 8 286 км",143
$ 184 300,16 330 823 сом,Land Rover Range Rover,https://im.mashina.kg/tachka/images/pixel-ph.png,"2023 г 4.4л автоматвнедорожник 5 дв бензинруль слева, 5 320 км",126
$ 230 000,20 380 300 сом,Land Rover Range Rover,https://im.mashina.kg/tachka/images/pixel-ph.png,"2023 г 4.4л автоматвнедорожник 5 дв бензинруль слева, 6 963 км",174
$ 225 500,19 981 555 сом,Land Rover Range Rover,https://im.mashina.kg/tachka/images/pixel-ph.png,"2023 г 4.4л автоматвнедорожник 5 дв бензинруль слева, 7 467 км",690
$ 211 000,18 696 710 сом,Land Rover Range Rover,https://im.mashina.kg/tachka/images/pixel-ph.png,"2022 г 4.4л автоматвнедорожник 5 дв бензинруль слева, 3 700 км",966
$ 222 000,19 671 420 сом,Land Rover Range Rover,https://im.mashina.kg/tachka/images/pixel-ph.png,"2023 г 4.4л автоматвнедорожник 5 дв бензинруль слева, 3 000 км",1148
$ 250 000,22 152 500 сом,Land Rover Range Rover,https://im.mashina.kg/tachka/images/pixel-ph.png,"2023 г 4.4л автоматвнедорожник 5 дв бензинруль слева, 16 км",1062
$ 235 000,20 823 350 сом,Land Rover Range Rover,https://im.mashina.kg/tachka/images/pixel-ph.png,"2023 г 4.4л автоматвнедорожник 5 дв бензинруль слева, 172 км",897
$ 249 500,22 108 195 сом,Land Rover Range Rover,https://im.mashina.kg/tachka/images/pixel-ph.png,"2023 г 4.4л автоматвнедорожник 5 дв бензинруль слева, 10 км",1379
$ 131 500,11 652 215 сом,Land Rover Range Rover Sport,https://im.mashina.kg/tachka/images/pixel-ph.png,"2022 г 3л автоматвнедорожник 5 дв бензинруль слева, 1 118 км",1574
$ 235 000,20 823 350 сом,Land Rover Range Rover,https://im.mashina.kg/tachka/images/pixel-ph.png,"2023 г 4.4л автоматвнедорожник 5 дв бензинруль слева, 542 км",1002
$ 202 500,17 943 525 сом,Land Rover Range Rover,https://im.mashina.kg/tachka/images/pixel-ph.png,"2022 г 4.4л автоматвнедорожник 5 дв бензинруль слева, 19 км",1406
$ 305 000,27 026 050 сом,Land Rover Range Rover,https://im.mashina.kg/tachka/images/pixel-ph.png,"2023 г 4.4л автоматвнедорожник 5 дв бензинруль слева, 43 км",2692
$ 51 500,4 563 415 сом,Land Rover Range Rover Sport,https://im.mashina.kg/tachka/images/pixel-ph.png,"2017 г 3л автоматвнедорожник 5 дв бензинруль слева, 47 000 км",1554
$ 295 000,26 139 950 сом,Land Rover Range Rover,https://im.mashina.kg/tachka/images/pixel-ph.png,"2023 г 4.4л автоматвнедорожник 5 дв бензинруль слева, 20 км",5743
$ 67 300,5 963 453 сом,Land Rover Range Rover Sport,https://im.mashina.kg/tachka/images/pixel-ph.png,"2017 г 5л автоматвнедорожник 5 дв бензинруль слева, 55 663 км",2029
$ 240 000,21 266 400 сом,Land Rover Range Rover,https://im.mashina.kg/tachka/images/pixel-ph.png,"2022 г 4.4л автоматвнедорожник 5 дв бензинруль слева, 31 км",1556
$ 235 000,20 823 350 сом,Land Rover Range Rover,https://im.mashina.kg/tachka/images/pixel-ph.png,"2023 г 4.4л автоматвнедорожник 5 дв бензинруль слева, 2 025 км",778
$ 25 000,2 215 250 сом,Land Rover Range Rover,https://im.mashina.kg/tachka/images/pixel-ph.png,"2010 г 4.4л автоматвнедорожник 5 дв дизельруль слева, 245 000 км",1597
$ 51 542,4 567 137 сом,Land Rover Range Rover Velar,https://im.mashina.kg/tachka/images/pixel-ph.png,"2020 г 2л автоматвнедорожник 5 дв дизельруль слева, 33 700 км",654
$ 27 752,2 459 105 сом,Land Rover Discovery Sport,https://im.mashina.kg/tachka/images/pixel-ph.png,"2020 г 1.5л автоматвнедорожник 5 дв гибридруль слева, 57 000 км",1439
$ 47 000,4 164 670 сом,Land Rover Discovery,https://im.mashina.kg/tachka/images/pixel-ph.png,"2018 г автоматвнедорожник 5 дв дизельруль слева, 88 000 км",265
$ 117 774,10 435 954 сом,Land Rover Range Rover Sport,https://im.mashina.kg/tachka/images/pixel-ph.png,"2022 г 3л автоматвнедорожник 5 дв бензинруль слева, 5 000 км",796
$ 201 780,17 879 726 сом,Land Rover Range Rover,https://im.mashina.kg/tachka/images/pixel-ph.png,"2023 г 4.4л автоматвнедорожник 5 дв бензинруль слева, 14 км",582
$ 220 000,19 494 200 сом,Land Rover Range Rover,https://im.mashina.kg/tachka/images/pixel-ph.png,"2023 г 3л автоматвнедорожник 5 дв дизельруль слева, 23 км",760
$ 28 000,2 481 080 сом,Land Rover Discovery Sport,https://im.mashina.kg/tachka/images/pixel-ph.png,"2016 г 2л автоматвнедорожник 5 дв дизельруль слева, 99 000 км",1061
$ 115 000,10 190 150 сом,Land Rover Range Rover,https://im.mashina.kg/tachka/images/pixel-ph.png,"2018 г 4.4л автоматвнедорожник 5 дв дизельруль слева, 93 000 км",385
$ 73 000,6 468 530 сом,Land Rover Range Rover Velar,https://im.mashina.kg/tachka/images/pixel-ph.png,"2019 г 3л автоматвнедорожник 5 дв бензинруль слева, 109 000 км",155
$ 5 200,460 772 сом,Land Rover Freelander,https://im.mashina.kg/tachka/images/pixel-ph.png,"2002 г 2.5л автоматвнедорожник 5 дв бензинруль слева, 200 000 км",498
$ 90 000,7 974 900 сом,Land Rover Range Rover,https://im.mashina.kg/tachka/images/pixel-ph.png,"2018 г 4.4л автоматвнедорожник 5 дв дизельруль слева, 110 000 км",113
$ 55 000,4 873 550 сом,Land Rover Range Rover,https://im.mashina.kg/tachka/images/pixel-ph.png,"2013 г 3л автоматвнедорожник 5 дв дизельруль слева, 125 000 км",598
$ 21 500,1 905 115 сом,Land Rover Range Rover,https://im.mashina.kg/tachka/images/pixel-ph.png,"2012 г 5л автоматвнедорожник 5 дв бензинруль слева, 136 000 км",2524
$ 260 000,23 038 600 сом,Land Rover Range Rover,https://im.mashina.kg/tachka/images/pixel-ph.png,2022 г 4.4л автоматвнедорожник 5 дв бензинруль слева,3458
$ 19 708,1 746 326 сом,Land Rover Discovery,https://im.mashina.kg/tachka/images/pixel-ph.png,"2017 г 2л автоматвнедорожник 5 дв дизельруль слева, 148 000 км",1484
$ 65 000,5 759 650 сом,Land Rover Range Rover,https://im.mashina.kg/tachka/images/pixel-ph.png,"2015 г 5л автоматвнедорожник 5 дв бензинруль слева, 75 000 км",3963
$ 38 999,3 455 701 сом,Land Rover Discovery,https://im.mashina.kg/tachka/images/pixel-ph.png,"2018 г 2л автоматвнедорожник 5 дв дизельруль слева, 117 000 км",75
$ 220 000,19 494 200 сом,Land Rover Range Rover,https://im.mashina.kg/tachka/images/pixel-ph.png,"2022 г 3л автоматвнедорожник 5 дв дизельруль слева, 10 км",1496
$ 75 000,6 645 750 сом,Land Rover Range Rover Velar,https://im.mashina.kg/tachka/images/pixel-ph.png,"2017 г 3л автоматвнедорожник 5 дв бензинруль слева, 94 000 км",159
$ 18 700,1 657 007 сом,Land Rover Range Rover Evoque,https://im.mashina.kg/tachka/images/pixel-ph.png,"2017 г 2л автоматвнедорожник 5 дв дизельруль слева, 146 000 км",422
$ 18 500,1 639 285 сом,Land Rover Range Rover,https://im.mashina.kg/tachka/images/pixel-ph.png,"2009 г 5л автоматвнедорожник 5 дв бензинруль слева, 160 000 км",3828
$ 73 000,6 468 530 сом,Land Rover Range Rover,https://im.mashina.kg/tachka/images/pixel-ph.png,"2018 г 3л автоматвнедорожник 5 дв бензинруль слева, 90 000 км",94
$ 14 000,1 240 540 сом,Land Rover Range Rover,https://im.mashina.kg/tachka/images/pixel-ph.png,"2006 г 4.2л автоматвнедорожник 5 дв бензинруль слева, 300 000 км",44
$ 210 000,18 608 100 сом,Land Rover Range Rover,https://im.mashina.kg/tachka/images/pixel-ph.png,"2023 г 3л автоматвнедорожник 5 дв дизельруль слева, 30 км",831
$ 60 000,5 316 600 сом,Land Rover Discovery,https://im.mashina.kg/tachka/images/pixel-ph.png,"2017 г 3л автоматвнедорожник 5 дв бензинруль слева, 64 000 км",1639
$ 76 000,6 734 360 сом,Land Rover Range Rover,https://im.mashina.kg/tachka/images/pixel-ph.png,"2017 г 5л автоматвнедорожник 5 дв бензинруль слева, 40 000 км",36
$ 19 900,1 763 339 сом,Land Rover Range Rover,https://im.mashina.kg/tachka/images/pixel-ph.png,"2010 г 5л автоматвнедорожник 5 дв бензинруль слева, 193 000 км",3961
$ 53 000,4 696 330 сом,Land Rover Range Rover,https://im.mashina.kg/tachka/images/pixel-ph.png,"2014 г 4.4л автоматвнедорожник 5 дв дизельруль слева, 140 000 км",618
$ 16 000,1 417 760 сом,Land Rover Range Rover Sport,https://im.mashina.kg/tachka/images/pixel-ph.png,"2008 г 4.2л автоматвнедорожник 5 дв бензинруль слева, 89 000 км",697
$ 47 500,4 208 975 сом,Land Rover Range Rover,https://im.mashina.kg/tachka/images/pixel-ph.png,"2013 г 4.4л автоматвнедорожник 5 дв дизельруль слева, 260 000 км",394
$ 25 000,2 215 250 сом,Land Rover Range Rover,https://im.mashina.kg/tachka/images/pixel-ph.png,"2010 г 5л автоматвнедорожник 5 дв бензинруль слева, 250 001 км",494
$ 18 500,1 639 285 сом,Land Rover Range Rover Sport,https://im.mashina.kg/tachka/images/pixel-ph.png,"2010 г 5л автоматвнедорожник 5 дв бензинруль слева, 135 000 км",1004
$ 14 000,1 240 540 сом,Land Rover Range Rover,https://im.mashina.kg/tachka/images/pixel-ph.png,"2006 г 4.2л автоматвнедорожник 5 дв бензинруль слева, 234 600 км",1156
$ 13 500,1 196 235 сом,Land Rover Range Rover,https://im.mashina.kg/tachka/images/pixel-ph.png,"2006 г 4.2л автоматвнедорожник 5 дв бензинруль слева, 226 000 км",7348
$ 42 000,3 721 620 сом,Land Rover Range Rover,https://im.mashina.kg/tachka/images/pixel-ph.png,"2013 г 5л автоматвнедорожник 5 дв бензинруль слева, 133 000 км",58
$ 72 000,6 379 920 сом,Land Rover Range Rover,https://im.mashina.kg/tachka/images/pixel-ph.png,"2016 г 4.4л автоматвнедорожник 5 дв дизельруль слева, 60 000 км",2650
$ 74 900,6 636 889 сом,Land Rover Range Rover,https://im.mashina.kg/tachka/images/pixel-ph.png,"2017 г 4.4л автоматвнедорожник 5 дв дизельруль слева, 115 000 км",487
$ 23 500,2 082 335 сом,Land Rover Range Rover,https://im.mashina.kg/tachka/images/pixel-ph.png,"2010 г 5л автоматвнедорожник 5 дв бензинруль слева, 200 000 км",206
$ 70 000,6 202 700 сом,Land Rover Range Rover,https://im.mashina.kg/tachka/images/pixel-ph.png,"2017 г 3л автоматвнедорожник 5 дв бензинруль слева, 90 000 км",21
$ 15 000,1 329 150 сом,Land Rover Range Rover Sport,https://im.mashina.kg/tachka/images/pixel-ph.png,"2006 г 4.2л автоматвнедорожник 5 дв бензинруль слева, 270 000 км",4789
$ 95 000,8 417 950 сом,Land Rover Range Rover,https://im.mashina.kg/tachka/images/pixel-ph.png,"2018 г 4.4л автоматвнедорожник 5 дв дизельруль слева, 84 000 км",101
$ 25 500,2 259 555 сом,Land Rover Discovery Sport,https://im.mashina.kg/tachka/images/pixel-ph.png,"2017 г 2л автоматвнедорожник 5 дв дизельруль слева, 190 000 км",301
$ 55 000,4 873 550 сом,Land Rover Range Rover Sport,https://im.mashina.kg/tachka/images/pixel-ph.png,"2016 г 3л автоматвнедорожник 5 дв дизельруль слева, 162 000 км",62
$ 8 500,753 185 сом,Land Rover Freelander,https://im.mashina.kg/tachka/images/pixel-ph.png,"2004 г 2.5л автоматвнедорожник 5 дв бензинруль слева, 246 785 км",55
$ 75 000,6 645 750 сом,Land Rover Range Rover Velar,https://im.mashina.kg/tachka/images/pixel-ph.png,"2017 г 3л автоматвнедорожник 5 дв дизельруль слева, 61 000 км",780
$ 68 000,6 025 480 сом,Land Rover Range Rover,https://im.mashina.kg/tachka/images/pixel-ph.png,"2017 г 4.4л автоматвнедорожник 5 дв дизельруль слева, 84 000 км",1936
$ 25 000,2 215 250 сом,Land Rover Range Rover Sport,https://im.mashina.kg/tachka/images/pixel-ph.png,"2010 г 3л автоматвнедорожник 5 дв дизельруль слева, 163 000 км",134
$ 69 555,6 163 269 сом,Land Rover Range Rover Velar,https://im.mashina.kg/tachka/images/pixel-ph.png,"2018 г 3л автоматвнедорожник 5 дв бензинруль слева, 78 000 км",43
$ 25 000,2 215 250 сом,Land Rover Range Rover,https://im.mashina.kg/tachka/images/pixel-ph.png,"2011 г 5л автоматвнедорожник 5 дв бензинруль слева, 123 000 км",86
$ 78 000,6 911 580 сом,Land Rover Range Rover Sport,https://im.mashina.kg/tachka/images/pixel-ph.png,"2018 г 3л автоматвнедорожник 5 дв дизельруль слева, 120 000 км",1797
$ 22 000,1 949 420 сом,Land Rover Range Rover Evoque,https://im.mashina.kg/tachka/images/pixel-ph.png,"2014 г 2.2л автоматвнедорожник 5 дв дизельруль слева, 90 000 км",471
$ 14 000,1 240 540 сом,Land Rover Range Rover,https://im.mashina.kg/tachka/images/pixel-ph.png,"2006 г 4.2л автоматвнедорожник 5 дв бензинруль слева, 187 000 км",250
$ 58 500,5 183 685 сом,Land Rover Range Rover,https://im.mashina.kg/tachka/images/pixel-ph.png,"2016 г 3л автоматвнедорожник 5 дв бензинруль слева, 85 000 км",251
$ 7 000,620 270 сом,Land Rover Range Rover,https://im.mashina.kg/tachka/images/pixel-ph.png,"2004 г 4.4л автоматвнедорожник 5 дв бензинруль слева, 200 000 км",301
$ 9 367,830 000 сом,Land Rover Range Rover Sport,https://im.mashina.kg/tachka/images/pixel-ph.png,"2005 г 2.7л автоматвнедорожник 5 дв дизельруль слева, 165 000 км",987
$ 67 000,5 936 870 сом,Land Rover Range Rover Velar,https://im.mashina.kg/tachka/images/pixel-ph.png,"2019 г 2л автоматвнедорожник 5 дв бензинруль слева, 87 000 км",78
$ 100 000,8 861 000 сом,Land Rover Range Rover,https://im.mashina.kg/tachka/images/pixel-ph.png,"2018 г 4.4л автоматвнедорожник 5 дв дизельруль слева, 75 000 км",67
$ 87 000,7 709 070 сом,Land Rover Range Rover,https://im.mashina.kg/tachka/images/pixel-ph.png,"2019 г 5л автоматвнедорожник 5 дв бензинруль слева, 190 000 км",586
$ 72 000,6 379 920 сом,Land Rover Range Rover,https://im.mashina.kg/tachka/images/pixel-ph.png,"2017 г 4.4л автоматвнедорожник 5 дв дизельруль слева, 83 000 км",1442
$ 54 000,4 784 940 сом,Land Rover Range Rover,https://im.mashina.kg/tachka/images/pixel-ph.png,"2013 г 5л автоматвнедорожник 5 дв бензинруль слева, 112 000 км",65
$ 40 000,3 544 400 сом,Land Rover Range Rover Sport,https://im.mashina.kg/tachka/images/pixel-ph.png,"2015 г 3л автоматвнедорожник 5 дв дизельруль слева, 100 000 км",212
$ 60 000,5 316 600 сом,Land Rover Range Rover Velar,https://im.mashina.kg/tachka/images/pixel-ph.png,"2019 г 2л автоматвнедорожник 5 дв дизельруль слева, 98 652 км",502
$ 215 000,19 051 150 сом,Land Rover Range Rover,https://im.mashina.kg/tachka/images/pixel-ph.png,"2023 г 3л автоматвнедорожник 5 дв дизельруль слева, 20 км",104
$ 25 500,2 259 555 сом,Land Rover Range Rover Evoque,https://im.mashina.kg/tachka/images/pixel-ph.png,"2012 г 2л автоматвнедорожник 5 дв бензинруль слева, 188 000 км",70
$ 15 500,1 373 455 сом,Land Rover Range Rover,https://im.mashina.kg/tachka/images/pixel-ph.png,"2008 г 4.2л автоматвнедорожник 5 дв бензинруль слева, 204 000 км",123
$ 58 000,5 139 380 сом,Land Rover Range Rover,https://im.mashina.kg/tachka/images/pixel-ph.png,"2015 г 5л автоматвнедорожник 5 дв бензинруль слева, 103 000 км",5381
$ 28 000,2 481 080 сом,Land Rover Range Rover,https://im.mashina.kg/tachka/images/pixel-ph.png,"2012 г 4.4л автоматвнедорожник 5 дв дизельруль слева, 250 000 км",132
$ 19 600,1 736 756 сом,Land Rover Range Rover,https://im.mashina.kg/tachka/images/pixel-ph.png,"2009 г 5л автоматвнедорожник 5 дв бензинруль слева, 136 000 км",362
$ 50 000,4 430 500 сом,Land Rover Discovery,https://im.mashina.kg/tachka/images/pixel-ph.png,"2018 г автоматвнедорожник 5 дв дизельруль слева, 100 000 км",3554
$ 26 000,2 303 860 сом,Land Rover Range Rover,https://im.mashina.kg/tachka/images/pixel-ph.png,"2011 г 5л автоматвнедорожник 5 дв бензинруль слева, 155 000 км",643
$ 6 800,602 548 сом,Land Rover Range Rover,https://im.mashina.kg/tachka/images/pixel-ph.png,"2002 г 2.9л автоматвнедорожник 5 дв дизельруль слева, 380 000 км",309
$ 10 000,886 100 сом,Land Rover Range Rover Sport,https://im.mashina.kg/tachka/images/pixel-ph.png,"2006 г 4.2л автоматвнедорожник 5 дв бензинруль слева, 190 000 км",266
$ 23 800,2 108 918 сом,Land Rover Range Rover Sport,https://im.mashina.kg/tachka/images/pixel-ph.png,"2010 г 5л автоматвнедорожник 5 дв бензинруль слева, 192 000 км",1265
$ 10 000,886 100 сом,Land Rover Range Rover Sport,https://im.mashina.kg/tachka/images/pixel-ph.png,"2007 г 2.7л автоматвнедорожник 5 дв дизельруль слева, 252 072 км",3614
$ 235 000,20 823 350 сом,Land Rover Range Rover,https://im.mashina.kg/tachka/images/pixel-ph.png,"2023 г 3л автоматвнедорожник 5 дв дизельруль слева, 12 000 км",730
$ 45 000,3 987 450 сом,Land Rover Range Rover,https://im.mashina.kg/tachka/images/pixel-ph.png,"2013 г 4.4л автоматвнедорожник 5 дв дизельруль слева, 100 000 км",1272
$ 370 000,32 785 700 сом,Land Rover Range Rover,https://im.mashina.kg/tachka/images/pixel-ph.png,"2023 г 4.4л автоматвнедорожник 5 дв бензинруль слева, 19 км",414
$ 10 000,886 100 сом,Land Rover Range Rover Sport,https://im.mashina.kg/tachka/images/pixel-ph.png,"2006 г 4.2л автоматвнедорожник 5 дв бензинруль слева, 190 000 км",129
$ 17 000,1 506 370 сом,Land Rover Range Rover,https://im.mashina.kg/tachka/images/pixel-ph.png,"2008 г 3.6л автоматвнедорожник 5 дв дизельруль слева, 7 770 км",1019
$ 72 000,6 379 920 сом,Land Rover Range Rover Velar,https://im.mashina.kg/tachka/images/pixel-ph.png,"2017 г 3л автоматвнедорожник 5 дв дизельруль слева, 174 000 км",724
$ 22 500,1 993 725 сом,Land Rover Range Rover,https://im.mashina.kg/tachka/images/pixel-ph.png,"2010 г 3.6л автоматвнедорожник 5 дв дизельруль слева, 200 000 км",210
$ 50 900,4 510 249 сом,Land Rover Range Rover,https://im.mashina.kg/tachka/images/pixel-ph.png,"2014 г 5л автоматвнедорожник 5 дв бензинруль слева, 140 000 км",185
$ 47 000,4 164 670 сом,Land Rover Range Rover,https://im.mashina.kg/tachka/images/pixel-ph.png,"2014 г 4.4л автоматвнедорожник 5 дв дизельруль слева, 175 896 км",938
$ 55 000,4 873 550 сом,Land Rover Range Rover,https://im.mashina.kg/tachka/images/pixel-ph.png,"2014 г 4.4л автоматвнедорожник 5 дв дизельруль слева, 100 000 км",623
$ 155 000,13 734 550 сом,Land Rover Range Rover,https://im.mashina.kg/tachka/images/pixel-ph.png,"2019 г 4.4л автоматвнедорожник 5 дв дизельруль слева, 54 000 км",1945
$ 85 000,7 531 850 сом,Land Rover Range Rover,https://im.mashina.kg/tachka/images/pixel-ph.png,"2018 г 5л автоматвнедорожник 5 дв бензинруль слева, 91 000 км",158
$ 10 500,930 405 сом,Land Rover Range Rover,https://im.mashina.kg/tachka/images/pixel-ph.png,"2005 г 4.4л автоматвнедорожник 5 дв бензинруль слева, 305 798 км",164
$ 71 888,6 369 996 сом,Land Rover Range Rover Velar,https://im.mashina.kg/tachka/images/pixel-ph.png,"2018 г 3л автоматвнедорожник 5 дв бензинруль слева, 44 800 км",1083
$ 68 000,6 025 480 сом,Land Rover Range Rover,https://im.mashina.kg/tachka/images/pixel-ph.png,"2017 г 3л автоматвнедорожник 5 дв бензинруль слева, 135 000 км",1029
$ 87 000,7 709 070 сом,Land Rover Range Rover Sport,https://im.mashina.kg/tachka/images/pixel-ph.png,"2018 г 3л автоматвнедорожник 5 дв бензинруль слева, 3 300 км",128
$ 110 000,9 747 100 сом,Land Rover Range Rover,https://im.mashina.kg/tachka/images/pixel-ph.png,"2019 г 4.4л автоматвнедорожник 5 дв дизельруль слева, 97 000 км",3964
$ 55 000,4 873 550 сом,Land Rover Range Rover,https://im.mashina.kg/tachka/images/pixel-ph.png,"2014 г 4.4л автоматвнедорожник 5 дв дизельруль слева, 141 000 км",2225
$ 7 500,664 575 сом,Land Rover Range Rover Sport,https://im.mashina.kg/tachka/images/pixel-ph.png,2008 г 4.2л автоматвнедорожник 5 дв бензинруль слева,1083
$ 8 000,708 880 сом,Land Rover Range Rover,https://im.mashina.kg/tachka/images/pixel-ph.png,"2000 г 3.9л автоматвнедорожник 5 дв бензинруль слева, 170 000 км",350
$ 27 000,2 392 470 сом,Land Rover Range Rover,https://im.mashina.kg/tachka/images/pixel-ph.png,"2013 г 4.4л автоматвнедорожник 5 дв дизельруль слева, 100 000 км",474
$ 71 000,6 291 310 сом,Land Rover Range Rover Velar,https://im.mashina.kg/tachka/images/pixel-ph.png,"2021 г 2л автоматвнедорожник 5 дв бензинруль слева, 31 000 км",927
$ 23 000,2 038 030 сом,Land Rover Range Rover Sport,https://im.mashina.kg/tachka/images/pixel-ph.png,"2011 г 5л автоматвнедорожник 5 дв бензинруль слева, 150 000 км",194
$ 93 000,8 240 730 сом,Land Rover Range Rover,https://im.mashina.kg/tachka/images/pixel-ph.png,"2018 г 3л автоматвнедорожник 5 дв бензинруль слева, 68 000 км",158
$ 53 000,4 696 330 сом,Land Rover Range Rover,https://im.mashina.kg/tachka/images/pixel-ph.png,"2013 г 4.4л автоматвнедорожник 5 дв дизельруль слева, 150 000 км",237
$ 76 000,6 734 360 сом,Land Rover Range Rover,https://im.mashina.kg/tachka/images/pixel-ph.png,"2020 г 5л автоматвнедорожник 5 дв бензинруль слева, 70 000 км",454
$ 52 000,4 607 720 сом,Land Rover Range Rover,https://im.mashina.kg/tachka/images/pixel-ph.png,"2014 г 5л автоматвнедорожник 5 дв бензинруль слева, 140 000 км",2022
$ 105 000,9 304 050 сом,Land Rover Range Rover,https://im.mashina.kg/tachka/images/pixel-ph.png,"2017 г 4.4л автоматвнедорожник 5 дв дизельруль слева, 94 000 км",970
$ 16 500,1 462 065 сом,Land Rover Range Rover,https://im.mashina.kg/tachka/images/pixel-ph.png,"2006 г 4.2л автоматвнедорожник 5 дв бензинруль слева, 230 000 км",111
$ 23 000,2 038 030 сом,Land Rover Discovery,https://im.mashina.kg/tachka/images/pixel-ph.png,"2014 г 3л автоматвнедорожник 5 дв дизельруль слева, 90 000 км",355
$ 11 000,974 710 сом,Land Rover Range Rover,https://im.mashina.kg/tachka/images/pixel-ph.png,"2004 г 4.4л автоматвнедорожник 5 дв бензинруль слева, 305 000 км",3543
$ 18 621,1 650 000 сом,Land Rover Range Rover Sport,https://im.mashina.kg/tachka/images/pixel-ph.png,"2009 г 5л автоматвнедорожник 5 дв бензинруль слева, 275 000 км",1180
$ 27 800,2 463 358 сом,Land Rover Range Rover Evoque,https://im.mashina.kg/tachka/images/pixel-ph.png,"2017 г 2л автоматвнедорожник 3 дв бензинруль слева, 58 000 км",148
$ 7 336,650 000 сом,Land Rover Range Rover,https://im.mashina.kg/tachka/images/pixel-ph.png,"2005 г 4.4л автоматвнедорожник 5 дв бензинруль слева, 205 125 км",961
$ 125 000,11 076 250 сом,Land Rover Range Rover,https://im.mashina.kg/tachka/images/pixel-ph.png,"2020 г 5л автоматвнедорожник 5 дв бензинруль слева, 39 000 км",476
$ 13 500,1 196 235 сом,Land Rover Range Rover,https://im.mashina.kg/tachka/images/pixel-ph.png,"2007 г 4.2л автоматвнедорожник 5 дв бензинруль слева, 170 000 км",2816
$ 130 000,11 519 300 сом,Land Rover Range Rover,https://im.mashina.kg/tachka/images/pixel-ph.png,"2019 г 2л автоматвнедорожник 5 дв гибридруль слева, 38 000 км",645
$ 49 000,4 341 890 сом,Land Rover Range Rover Sport,https://im.mashina.kg/tachka/images/pixel-ph.png,"2016 г 3л автоматвнедорожник 5 дв дизельруль слева, 110 214 км",334
$ 13 100,1 160 791 сом,Land Rover Range Rover,https://im.mashina.kg/tachka/images/pixel-ph.png,"2006 г 4.4л автоматвнедорожник 5 дв бензинруль слева, 285 600 км",2700
$ 79 000,7 000 190 сом,Land Rover Range Rover Sport,https://im.mashina.kg/tachka/images/pixel-ph.png,"2017 г 4.4л автоматвнедорожник 5 дв дизельруль слева, 107 000 км",1660
$ 13 200,1 169 652 сом,Land Rover Range Rover Sport,https://im.mashina.kg/tachka/images/pixel-ph.png,"2006 г 4.4л автоматвнедорожник 5 дв бензинруль слева, 100 000 км",154
$ 13 600,1 205 096 сом,Land Rover Discovery,https://im.mashina.kg/tachka/images/pixel-ph.png,"2007 г 4.4л автоматвнедорожник 5 дв бензинруль слева, 250 000 км",378
$ 12 000,1 063 320 сом,Land Rover Range Rover,https://im.mashina.kg/tachka/images/pixel-ph.png,"2006 г 4.4л автоматвнедорожник 5 дв бензинруль слева, 26 805 км",301
$ 7 200,637 992 сом,Land Rover Discovery,https://im.mashina.kg/tachka/images/pixel-ph.png,"2000 г 2.5л автоматвнедорожник 5 дв дизельруль слева, 200 000 км",5943
$ 14 000,1 240 540 сом,Land Rover Range Rover Sport,https://im.mashina.kg/tachka/images/pixel-ph.png,"2006 г 4.2л автоматвнедорожник 5 дв бензинруль слева, 214 401 км",155
$ 24 900,2 206 389 сом,Land Rover Discovery,https://im.mashina.kg/tachka/images/pixel-ph.png,"2019 г 2л автоматвнедорожник 5 дв дизельруль слева, 121 000 км",153
$ 55 000,4 873 550 сом,Land Rover Range Rover,https://im.mashina.kg/tachka/images/pixel-ph.png,"2014 г 3л автоматвнедорожник 5 дв дизельруль слева, 170 000 км",239
$ 21 000,1 860 810 сом,Land Rover Discovery,https://im.mashina.kg/tachka/images/pixel-ph.png,"2011 г 2.7л автоматвнедорожник 5 дв дизельруль слева, 160 000 км",716
$ 60 000,5 316 600 сом,Land Rover Range Rover,https://im.mashina.kg/tachka/images/pixel-ph.png,"2016 г 3л автоматвнедорожник 5 дв бензинруль слева, 130 000 км",111
$ 95 000,8 417 950 сом,Land Rover Range Rover Velar,https://im.mashina.kg/tachka/images/pixel-ph.png,"2018 г 3л автоматвнедорожник 5 дв бензинруль слева, 120 000 км",191
$ 90 000,7 978 500 сом,Land Rover Range Rover Velar,https://im.mashina.kg/tachka/images/pixel-ph.png,"2018 г 3л автоматвнедорожник 5 дв бензинруль слева, 100 000 км",147
$ 140 000,12 405 400 сом,Land Rover Range Rover,https://im.mashina.kg/tachka/images/pixel-ph.png,"2019 г 5л автоматвнедорожник 5 дв бензинруль слева, 39 000 км",2326
$ 13 000,1 151 930 сом,Land Rover Range Rover,https://im.mashina.kg/tachka/images/pixel-ph.png,"2006 г 4.2л автоматвнедорожник 5 дв бензинруль слева, 225 000 км",435
$ 35 000,3 101 350 сом,Land Rover Discovery Sport,https://im.mashina.kg/tachka/images/pixel-ph.png,"2020 г 2л автоматвнедорожник 5 дв дизельруль слева, 35 000 км",283
$ 50 000,4 430 500 сом,Land Rover Range Rover Sport,https://im.mashina.kg/tachka/images/pixel-ph.png,"2017 г 3л автоматвнедорожник 5 дв дизельруль слева, 117 000 км",265
$ 11 700,1 036 737 сом,Land Rover Range Rover Sport,https://im.mashina.kg/tachka/images/pixel-ph.png,"2008 г 4.2л автоматвнедорожник 5 дв бензинруль слева, 170 000 км",277
$ 105 000,9 304 050 сом,Land Rover Range Rover,https://im.mashina.kg/tachka/images/pixel-ph.png,"2018 г 4.4л автоматвнедорожник 5 дв дизельруль слева, 50 000 км",228
$ 9 593,850 000 сом,Land Rover Freelander,https://im.mashina.kg/tachka/images/pixel-ph.png,"2008 г 2.2л автоматвнедорожник 5 дв дизельруль слева, 193 620 км",883
$ 49 800,4 412 778 сом,Land Rover Range Rover Sport,https://im.mashina.kg/tachka/images/pixel-ph.png,"2015 г 4.4л автоматвнедорожник 5 дв дизельруль слева, 82 000 км",236
$ 13 000,1 151 930 сом,Land Rover Range Rover,https://im.mashina.kg/tachka/images/pixel-ph.png,"2002 г 2.9л автоматвнедорожник 5 дв дизельруль слева, 258 000 км",880
$ 25 000,2 215 250 сом,Land Rover Range Rover,https://im.mashina.kg/tachka/images/pixel-ph.png,"2010 г 3.6л автоматвнедорожник 5 дв дизельруль слева, 147 000 км",1798
$ 59 000,5 227 990 сом,Land Rover Range Rover,https://im.mashina.kg/tachka/images/pixel-ph.png,"2014 г 4.4л автоматвнедорожник 5 дв дизельруль слева, 140 000 км",255
$ 88 000,7 797 680 сом,Land Rover Range Rover Velar,https://im.mashina.kg/tachka/images/pixel-ph.png,"2018 г 3л автоматвнедорожник 5 дв бензинруль слева, 80 000 км",612
$ 18 000,1 594 980 сом,Land Rover Range Rover,https://im.mashina.kg/tachka/images/pixel-ph.png,"2009 г 5л автоматвнедорожник 5 дв бензинруль слева, 180 000 км",537
$ 55 000,4 873 550 сом,Land Rover Range Rover,https://im.mashina.kg/tachka/images/pixel-ph.png,"2014 г 3л автоматвнедорожник 5 дв дизельруль слева, 109 000 км",589
$ 15 000,1 329 150 сом,Land Rover Range Rover,https://im.mashina.kg/tachka/images/pixel-ph.png,"2007 г 4.2л автоматвнедорожник 5 дв бензинруль слева, 28 500 км",261
$ 132 000,11 696 520 сом,Land Rover Defender,https://im.mashina.kg/tachka/images/pixel-ph.png,"2023 г 2.2л механикавнедорожник 5 дв дизельруль слева, 500 км",1121
$ 74 000,6 557 140 сом,Land Rover Range Rover,https://im.mashina.kg/tachka/images/pixel-ph.png,"2017 г 4.4л автоматвнедорожник 5 дв дизельруль слева, 90 000 км",2096
$ 12 500,1 107 625 сом,Land Rover Range Rover Sport,https://im.mashina.kg/tachka/images/pixel-ph.png,"2007 г 4.2л автоматвнедорожник 5 дв бензинруль слева, 248 000 км",736
$ 14 800,1 311 428 сом,Land Rover Discovery,https://im.mashina.kg/tachka/images/pixel-ph.png,"2006 г 2.7л механикавнедорожник 5 дв дизельруль слева, 250 000 км",748
$ 21 500,1 905 115 сом,Land Rover Range Rover Sport,https://im.mashina.kg/tachka/images/pixel-ph.png,"2010 г 3л автоматвнедорожник 5 дв дизельруль слева, 134 000 км",262
$ 25 000,2 215 250 сом,Land Rover Range Rover,https://im.mashina.kg/tachka/images/pixel-ph.png,"2011 г 5л автоматвнедорожник 5 дв бензинруль слева, 150 000 км",2424
$ 54 000,4 784 940 сом,Land Rover Range Rover,https://im.mashina.kg/tachka/images/pixel-ph.png,"2016 г 3л автоматвнедорожник 5 дв дизельруль слева, 85 000 км",263
$ 25 000,2 215 250 сом,Land Rover Range Rover Sport,https://im.mashina.kg/tachka/images/pixel-ph.png,"2010 г 3л автоматвнедорожник 5 дв дизельруль слева, 198 000 км",1226
$ 75 000,6 645 750 сом,Land Rover Range Rover Velar,https://im.mashina.kg/tachka/images/pixel-ph.png,"2020 г 3л автоматвнедорожник 5 дв дизельруль слева, 80 000 км",351
$ 3 386,300 000 сом,Land Rover Freelander,https://im.mashina.kg/tachka/images/pixel-ph.png,"2000 г 1.8л механикавнедорожник 5 дв бензинруль слева, 123 452 км",791
$ 16 000,1 417 760 сом,Land Rover Discovery,https://im.mashina.kg/tachka/images/pixel-ph.png,"2010 г 2.7л автоматвнедорожник 5 дв дизельруль слева, 170 000 км",5006
$ 275 000,24 367 750 сом,Land Rover Range Rover,https://im.mashina.kg/tachka/images/pixel-ph.png,"2023 г 4.4л автоматвнедорожник 5 дв бензинруль слева, 20 км",590
$ 85 000,7 531 850 сом,Land Rover Range Rover,https://im.mashina.kg/tachka/images/pixel-ph.png,"2015 г 4.4л автоматвнедорожник 5 дв дизельруль слева, 150 000 км",246
$ 22 900,2 029 169 сом,Land Rover Discovery Sport,https://im.mashina.kg/tachka/images/pixel-ph.png,"2017 г 2л автоматвнедорожник 5 дв дизельруль слева, 150 000 км",712
$ 11 500,1 019 015 сом,Land Rover Range Rover Sport,https://im.mashina.kg/tachka/images/pixel-ph.png,"2007 г 4.2л автоматвнедорожник 5 дв бензинруль слева, 170 000 км",1679
$ 26 000,2 303 860 сом,Land Rover Discovery Sport,https://im.mashina.kg/tachka/images/pixel-ph.png,"2017 г 2л автоматвнедорожник 5 дв дизельруль слева, 172 000 км",966
$ 55 000,4 873 550 сом,Land Rover Range Rover Sport,https://im.mashina.kg/tachka/images/pixel-ph.png,"2015 г 4.4л автоматвнедорожник 5 дв дизельруль слева, 120 000 км",312
$ 12 000,1 063 800 сом,Land Rover Range Rover,https://im.mashina.kg/tachka/images/pixel-ph.png,"2002 г 4.4л автоматвнедорожник 5 дв бензинруль слева, 171 000 км",1014
$ 25 000,2 215 250 сом,Land Rover Range Rover,https://im.mashina.kg/tachka/images/pixel-ph.png,"2011 г 5л автоматвнедорожник 5 дв бензинруль слева, 150 000 км",360
$ 5 643,500 000 сом,Land Rover Freelander,https://im.mashina.kg/tachka/images/pixel-ph.png,"2001 г 1.8л механикавнедорожник 5 дв бензинруль слева, 200 000 км",566
$ 11 500,1 019 015 сом,Land Rover Range Rover,https://im.mashina.kg/tachka/images/pixel-ph.png,"2005 г 4.2л автоматвнедорожник 5 дв бензинруль слева, 300 000 км",297
$ 23 000,2 038 030 сом,Land Rover Range Rover,https://im.mashina.kg/tachka/images/pixel-ph.png,"2010 г 5л автоматвнедорожник 5 дв бензинруль слева, 199 000 км",3490
$ 11 500,1 019 015 сом,Land Rover Range Rover Sport,https://im.mashina.kg/tachka/images/pixel-ph.png,"2008 г 4.2л автоматвнедорожник 5 дв бензинруль слева, 169 500 км",450
$ 28 000,2 481 080 сом,Land Rover Range Rover Evoque,https://im.mashina.kg/tachka/images/pixel-ph.png,"2014 г 2.2л автоматвнедорожник 5 дв дизельруль слева, 123 000 км",1054
$ 16 000,1 417 760 сом,Land Rover Range Rover Sport,https://im.mashina.kg/tachka/images/pixel-ph.png,"2008 г 4.2л автоматвнедорожник 5 дв бензинруль слева, 89 000 км",320
$ 17 500,1 550 675 сом,Land Rover Range Rover Sport,https://im.mashina.kg/tachka/images/pixel-ph.png,"2007 г 4.2л автоматвнедорожник 5 дв бензинруль слева, 230 000 км",409
$ 22 800,2 020 308 сом,Land Rover Range Rover,https://im.mashina.kg/tachka/images/pixel-ph.png,"2011 г 5л автоматвнедорожник 5 дв бензинруль слева, 150 000 км",1480
$ 21 000,1 860 810 сом,Land Rover Range Rover,https://im.mashina.kg/tachka/images/pixel-ph.png,"2010 г 3.6л автоматвнедорожник 5 дв дизельруль слева, 200 000 км",565
$ 12 000,1 063 320 сом,Land Rover Range Rover Sport,https://im.mashina.kg/tachka/images/pixel-ph.png,"2006 г 2.7л автоматвнедорожник 5 дв дизельруль слева, 370 000 км",937
$ 4 401,390 000 сом,Land Rover Defender,https://im.mashina.kg/tachka/images/pixel-ph.png,"1999 г 4л механикавнедорожник 3 дв бензинруль слева, 225 322 км",645
$ 99 000,8 772 390 сом,Land Rover Range Rover,https://im.mashina.kg/tachka/images/pixel-ph.png,"2018 г 3л автоматвнедорожник 5 дв бензинруль слева, 53 000 км",466
$ 13 300,1 178 513 сом,Land Rover Range Rover,https://im.mashina.kg/tachka/images/pixel-ph.png,"2006 г 4.4л автоматвнедорожник 5 дв бензинруль слева, 187 174 км",578
$ 3 386,300 000 сом,Land Rover Freelander,https://im.mashina.kg/tachka/images/pixel-ph.png,"2000 г 2л механикавнедорожник 5 дв дизельруль слева, 377 000 км",912
$ 60 000,5 316 600 сом,Land Rover Range Rover Velar,https://im.mashina.kg/tachka/images/pixel-ph.png,"2019 г 2л автоматвнедорожник 5 дв бензинруль слева, 72 800 км",451
$ 51 000,4 519 110 сом,Land Rover Range Rover Sport,https://im.mashina.kg/tachka/images/pixel-ph.png,"2014 г 3л автоматвнедорожник 5 дв дизельруль слева, 115 000 км",353
$ 30 000,2 658 300 сом,Land Rover Discovery Sport,https://im.mashina.kg/tachka/images/pixel-ph.png,"2018 г 2л автоматвнедорожник 5 дв дизельруль слева, 39 000 км",895
$ 13 000,1 151 930 сом,Land Rover Range Rover,https://im.mashina.kg/tachka/images/pixel-ph.png,"2006 г 4.4л автоматвнедорожник 5 дв бензинруль слева, 230 000 км",3808
$ 60 000,5 316 600 сом,Land Rover Range Rover,https://im.mashina.kg/tachka/images/pixel-ph.png,"2014 г 4.4л автоматвнедорожник 5 дв дизельруль слева, 158 000 км",1738
$ 104 200,9 233 162 сом,Land Rover Range Rover,https://im.mashina.kg/tachka/images/pixel-ph.png,"2019 г 4.4л автоматвнедорожник 5 дв дизельруль слева, 1 000 км",774
$ 20 000,1 772 200 сом,Land Rover Range Rover Evoque,https://im.mashina.kg/tachka/images/pixel-ph.png,"2012 г 2л автоматвнедорожник 5 дв бензинруль слева, 120 000 км",987
$ 73 000,6 468 530 сом,Land Rover Range Rover Velar,https://im.mashina.kg/tachka/images/pixel-ph.png,"2018 г 3л автоматвнедорожник 5 дв дизельруль слева, 75 000 км",532
$ 75 000,6 645 750 сом,Land Rover Range Rover,https://im.mashina.kg/tachka/images/pixel-ph.png,"2017 г 5л автоматвнедорожник 5 дв бензинруль слева, 73 000 км",743
$ 12 800,1 134 208 сом,Land Rover Range Rover Sport,https://im.mashina.kg/tachka/images/pixel-ph.png,"2006 г 4.2л автоматвнедорожник 5 дв бензинруль слева, 25 000 км",1857
$ 90 000,7 974 900 сом,Land Rover Range Rover,https://im.mashina.kg/tachka/images/pixel-ph.png,"2018 г 4.4л автоматвнедорожник 5 дв дизельруль слева, 146 000 км",793
